Category,Motivation,Label
physics,recognition extraordinary services rendered discovery remarkable rays subsequently named,0
medicine,work serum therapy especially application diphtheria opened new road domain medical science thereby placed hands physician victorious weapon illness deaths,1
peace,humanitarian efforts help wounded soldiers create international understanding,2
peace,lifelong work international peace conferences diplomacy arbitration,2
literature,special recognition poetic composition gives evidence lofty idealism artistic perfection rare combination qualities heart intellect,3
chemistry,recognition extraordinary services rendered discovery laws chemical dynamics osmotic pressure solutions,4
chemistry,recognition extraordinary services rendered work sugar purine syntheses,4
literature,greatest living master art historical writing special reference monumental work ia history romei,3
peace,eminently practical administration interparliamentary union,2
peace,untiring skilful directorship bern peace bureau,2
physics,recognition extraordinary service rendered researches influence magnetism upon radiation phenomena,0
medicine,work malaria shown enters organism thereby laid foundation successful research disease methods combating,1
physics,recognition extraordinary service rendered researches influence magnetism upon radiation phenomena,0
physics,recognition extraordinary services rendered joint researches radiation phenomena discovered professor henri becquerel,0
peace,longstanding devoted effort favour ideas peace arbitration,2
physics,recognition extraordinary services rendered discovery spontaneous radioactivity,0
physics,recognition extraordinary services rendered joint researches radiation phenomena discovered professor henri becquerel,0
chemistry,recognition services advancement chemistry discovery elements radium polonium isolation radium study nature compounds remarkable element,4
medicine,recognition contribution treatment diseases especially lupus vulgaris concentrated light radiation whereby opened new avenue medical science,1
literature,tribute noble magnificent versatile poetry always distinguished freshness inspiration rare purity spirit,3
chemistry,recognition extraordinary services rendered advancement chemistry electrolytic theory dissociation,4
literature,recognition numerous brilliant compositions individual original manner revived great traditions spanish drama,3
physics,investigations densities important gases discovery argon connection studies,0
chemistry,recognition services discovery inert gaseous elements air determination place periodic system,4
medicine,recognition work physiology digestion knowledge vital aspects subject transformed enlarged,1
literature,recognition fresh originality true inspiration poetic production faithfully reflects natural scenery native spirit people addition significant work provenccedilal philologist,3
chemistry,recognition services advancement organic chemistry chemical industry work organic dyes hydroaromatic compounds,4
literature,outstanding merits epic writer,3
physics,work cathode rays,0
peace,audacity oppose horrors war,2
medicine,investigations discoveries relation tuberculosis,1
literature,consideration deep learning critical research tribute creative energy freshness style lyrical force characterize poetic masterpieces,3
peace,role bringing end bloody war recently waged two worlds great powers japan russia,2
physics,recognition great merits theoretical experimental investigations conduction electricity gases,0
medicine,recognition work structure nervous system,1
chemistry,recognition great services rendered investigation isolation element fluorine adoption service science electric furnace called,4
medicine,recognition work structure nervous system,1
medicine,recognition work role played protozoa causing diseases,1
chemistry,biochemical researches discovery cellfree fermentation,4
literature,consideration power observation originality imagination virility ideas remarkable talent narration characterize creations worldfamous author,3
peace,decisive influence upon conduct outcome hague geneva conferences,2
peace,work press peace meetings public private understanding france italy,2
physics,optical precision instruments spectroscopic metrological investigations carried aid,0
chemistry,investigations disintegration elements chemistry radioactive substances,4
literature,recognition earnest search truth penetrating power thought wide range vision warmth strength presentation numerous works vindicated developed idealistic philosophy life,3
peace,long time work cause peace politicians peace society leaders orators authors,2
medicine,recognition work immunity,1
medicine,recognition work immunity,1
peace,long time work cause peace politicians peace society leaders orators authors,2
physics,method reproducing colours photographically based phenomenon interference,0
physics,recognition contributions development wireless telegraphy,0
medicine,work physiology pathology surgery thyroid gland,1
literature,appreciation lofty idealism vivid imagination spiritual perception characterize writings,3
chemistry,recognition work catalysis investigations fundamental principles governing chemical equilibria rates reaction,4
physics,recognition contributions development wireless telegraphy,0
peace,prominent position international movement peace arbitration,2
peace,prominent position international movement peace arbitration,2
literature,tribute consummate artistry permeated idealism demonstrated long productive career lyric poet dramatist novelist writer worldrenowned short stories,3
physics,work equation state gases liquids,0
medicine,recognition contributions knowledge cell chemistry made work proteins including nucleic substances,1
chemistry,recognition services organic chemistry chemical industry pioneer work field alicyclic compounds,4
peace,effort expose fight considers main cause war namely anarchy international relations,2
peace,role cofounder institut de droit international initiator conferences international private law conférences de droit international privé hague pioneer field international legal relations,2
physics,recognition extraordinary services rendered joint researches radiation phenomena discovered professor henri becquerel,0
chemistry,recognition services advancement chemistry discovery elements radium polonium isolation radium study nature compounds remarkable element,4
physics,discoveries regarding laws governing radiation heat,0
literature,appreciation manysided literary activities especially dramatic works distinguished wealth imagination poetic fancy reveals sometimes guise fairy tale deep inspiration mysterious way appeal readers feelings stimulate imaginations,3
medicine,work dioptrics eye,1
literature,primarily recognition fruitful varied outstanding production realm dramatic art,3
medicine,recognition work vascular suture transplantation blood vessels organs,1
chemistry,method hydrogenating organic compounds presence finely disintegrated metals whereby progress organic chemistry greatly advanced recent years,4
chemistry,discovery socalled grignard reagent recent years greatly advanced progress organic chemistry,4
physics,invention automatic regulators use conjunction gas accumulators illuminating lighthouses buoys,0
peace,bringing better understanding countries north south america initiating important arbitration agreements united states countries,2
medicine,recognition work anaphylaxis,1
chemistry,recognition work linkage atoms molecules thrown new light earlier investigations opened new fields research especially inorganic chemistry,4
peace,unparalleled contribution organization peaceful internationalism,2
literature,profoundly sensitive fresh beautiful verse consummate skill made poetic thought expressed english words part literature west,3
physics,investigations properties matter low temperatures led inter alia production liquid helium,0
physics,discovery diffraction xrays crystals,0
medicine,work physiology pathology vestibular apparatus,1
chemistry,recognition accurate determinations atomic weight large number chemical elements,4
physics,services analysis crystal structure means xrays,0
physics,services analysis crystal structure means xrays,0
chemistry,researches plant pigments especially chlorophyll,4
literature,tribute lofty idealism literary production sympathy love truth described different types human beings,3
literature,recognition significance leading representative new era literature,3
physics,discovery characteristic roumlntgen radiation elements,0
literature,varied rich poetry inspired lofty ideals,3
literature,authentic descriptions presentday life denmark,3
physics,recognition services rendered advancement physics discovery energy quanta,0
chemistry,synthesis ammonia elements,4
peace,role founder league nations,2
medicine,discoveries relating immunity,1
physics,discovery doppler effect canal rays splitting spectral lines electric fields,0
literature,special appreciation epic iolympian springi,3
physics,recognition service rendered precision measurements physics discovery anomalies nickel steel alloys,0
chemistry,recognition work thermochemistry,4
medicine,discovery capillary motor regulating mechanism,1
peace,longstanding contribution cause peace justice prominent role establishment league nations,2
literature,monumental work igrowth soili,3
literature,recognition brilliant literary achievements characterized nobility style profound human sympathy grace true gallic temperament,3
peace,lifelong contributions cause peace organized internationalism,2
physics,services theoretical physics especially discovery law photoelectric effect,0
chemistry,contributions knowledge chemistry radioactive substances investigations origin nature isotopes,4
peace,lifelong contributions cause peace organized internationalism,2
physics,services investigation structure atoms radiation emanating,0
peace,leading role repatriation prisoners war international relief work league nations high commissioner refugees,2
chemistry,discovery means mass spectrograph isotopes large number nonradioactive elements enunciation wholenumber rule,4
medicine,discovery fixed relationship consumption oxygen metabolism lactic acid muscle,1
literature,happy manner continued illustrious traditions spanish drama,3
medicine,discovery relating production heat muscle,1
medicine,discovery insulin,1
medicine,discovery insulin,1
physics,work elementary charge electricity photoelectric effect,0
chemistry,invention method microanalysis organic substances,4
literature,always inspired poetry highly artistic form gives expression spirit whole nation,3
literature,great national epic ithe peasantsi,3
medicine,discovery mechanism electrocardiogram,1
physics,discoveries research field xray spectroscopy,0
physics,discovery laws governing impact electron upon atom,0
physics,discovery laws governing impact electron upon atom,0
peace,crucial role bringing locarno treaty,2
peace,crucial role bringing dawes plan,2
chemistry,demonstration heterogenous nature colloid solutions methods used since become fundamental modern colloid chemistry,4
literature,work marked idealism humanity stimulating satire often infused singular poetic beauty,3
peace,crucial role bringing locarno treaty,2
peace,crucial role bringing locarno treaty,2
literature,idealistically inspired writings plastic clarity picture life native island depth sympathy deal human problems general,3
medicine,discovery spiroptera carcinoma,1
physics,work discontinuous structure matter especially discovery sedimentation equilibrium,0
chemistry,work disperse systems,4
literature,recognition rich vitalizing ideas brilliant skill presented,3
peace,contribution emergence france germany public opinion favours peaceful international cooperation,2
physics,discovery effect named,0
physics,method making paths electrically charged particles visible condensation vapour,0
medicine,discovery therapeutic value malaria inoculation treatment dementia paralytica,1
chemistry,investigations constitution bile acids related substances,4
peace,contribution emergence france germany public opinion favours peaceful international cooperation,2
medicine,work typhus,1
chemistry,services rendered research constitution sterols connection vitamins,4
physics,work thermionic phenomenon especially discovery law named,0
literature,principally powerful descriptions northern life middle ages,3
chemistry,investigations fermentation sugar fermentative enzymes,4
chemistry,investigations fermentation sugar fermentative enzymes,4
medicine,discovery antineuritic vitamin,1
physics,discovery wave nature electrons,0
literature,principally great novel ibuddenbrooksi steadily increased recognition one classic works contemporary literature,3
medicine,discovery growthstimulating vitamins,1
peace,crucial role bringing briandkellogg pact,2
literature,vigorous graphic art description ability create wit humour new types characters,3
medicine,discovery human blood groups,1
chemistry,researches constitution haemin chlorophyll especially synthesis haemin,4
peace,promoting christian unity helping create new attitude mind necessary peace nations become reality,2
physics,work scattering light discovery effect named,0
medicine,discovery nature mode action respiratory enzyme,1
chemistry,recognition contributions invention development chemical high pressure methods,4
chemistry,recognition contributions invention development chemical high pressure methods,4
literature,poetry erik axel karlfeldt,3
peace,assiduous effort revive ideal peace rekindle spirit peace nation whole mankind,2
peace,assiduous effort revive ideal peace rekindle spirit peace nation whole mankind,2
medicine,discoveries regarding functions neurons,1
medicine,discoveries regarding functions neurons,1
physics,creation quantum mechanics application inter alia led discovery allotropic forms hydrogen,0
literature,distinguished art narration takes highest form ithe forsyte sagai,3
chemistry,discoveries investigations surface chemistry,4
physics,discovery new productive forms atomic theory,0
physics,discovery new productive forms atomic theory,0
peace,exposed pen illusion war presented convincing plea international cooperation peace,2
medicine,discoveries concerning role played chromosome heredity,1
literature,strict artistry carried classical russian traditions prose writing,3
medicine,discoveries concerning liver therapy cases anaemia,1
chemistry,discovery heavy hydrogen,4
literature,bold ingenious revival dramatic scenic art,3
medicine,discoveries concerning liver therapy cases anaemia,1
medicine,discoveries concerning liver therapy cases anaemia,1
peace,untiring struggle courageous efforts chairman league nations disarmament conference,2
chemistry,recognition synthesis new radioactive elements,4
chemistry,recognition synthesis new radioactive elements,4
physics,discovery neutron,0
medicine,discovery organizer effect embryonic development,1
peace,burning love freedom thought expression valuable contribution cause peace,2
chemistry,contributions knowledge molecular structure investigations dipole moments diffraction xrays electrons gases,4
medicine,discoveries relating chemical transmission nerve impulses,1
physics,discovery cosmic radiation,0
medicine,discoveries relating chemical transmission nerve impulses,1
physics,discovery positron,0
peace,role father argentine antiwar pact also used means mediate peace paraguay bolivia,2
literature,power honesty deepfelt emotions dramatic works embody original concept tragedy,3
physics,experimental discovery diffraction electrons crystals,0
medicine,discoveries connection biological combustion processes special reference vitamin c catalysis fumaric acid,1
chemistry,investigations carbohydrates vitamin c,4
physics,experimental discovery diffraction electrons crystals,0
peace,tireless effort support league nations disarmament peace,2
literature,artistic power truth depicted human conflict well fundamental aspects contemporary life novelcycle iles thibaulti,3
chemistry,investigations carotenoids flavins vitamins b,4
physics,demonstrations existence new radioactive elements produced neutron irradiation related discovery nuclear reactions brought slow neutrons,0
chemistry,work carotenoids vitamins,4
medicine,discovery role played sinus aortic mechanisms regulation respiration,1
literature,rich truly epic descriptions peasant life china biographical masterpieces,3
medicine,discovery antibacterial effects prontosil,1
physics,invention development cyclotron results obtained especially regard artificial radioactive elements,0
chemistry,work polymethylenes higher terpenes,4
chemistry,work sex hormones,4
literature,deep understanding countrys peasantry exquisite art portrayed way life relationship nature,3
medicine,discovery vitamin k,1
medicine,discovery chemical nature vitamin k,1
chemistry,work use isotopes tracers study chemical processes,4
physics,contribution development molecular ray method discovery magnetic moment proton,0
medicine,discoveries relating highly differentiated functions single nerve fibres,1
literature,rare strength fertility poetic imagination combined intellectual curiosity wide scope bold freshly creative style,3
medicine,discoveries relating highly differentiated functions single nerve fibres,1
chemistry,discovery fission heavy nuclei,4
physics,resonance method recording magnetic properties atomic nuclei,0
physics,discovery exclusion principle also called pauli principle,0
literature,lyric poetry inspired powerful emotions made name symbol idealistic aspirations entire latin american world,3
chemistry,research inventions agricultural nutrition chemistry especially fodder preservation method,4
peace,indefatigable work international understanding pivotal role establishing united nations,2
medicine,discovery penicillin curative effect various infectious diseases,1
medicine,discovery penicillin curative effect various infectious diseases,1
medicine,discovery penicillin curative effect various infectious diseases,1
peace,contribution creation peacepromoting religious brotherhood across national boundaries,2
physics,invention apparatus produce extremely high pressures discoveries made therewith field high pressure physics,0
chemistry,discovery enzymes crystallized,4
chemistry,preparation enzymes virus proteins pure form,4
chemistry,preparation enzymes virus proteins pure form,4
medicine,discovery production mutations means xray irradiation,1
peace,lifelong work cause peace,2
literature,inspired writings growing boldness penetration exemplify classical humanitarian ideals high qualities style,3
medicine,discovery course catalytic conversion glycogen,1
medicine,discovery part played hormone anterior pituitary lobe metabolism sugar,1
physics,investigations physics upper atmosphere especially discovery socalled appleton layer,0
literature,comprehensive artistically significant writings human problems conditions presented fearless love truth keen psychological insight,3
chemistry,investigations plant products biological importance especially alkaloids,4
medicine,discovery course catalytic conversion glycogen,1
medicine,discovery high efficiency ddt contact poison several arthropods,1
literature,outstanding pioneer contribution presentday poetry,3
chemistry,research electrophoresis adsorption analysis especially discoveries concerning complex nature serum proteins,4
physics,development wilson cloud chamber method discoveries therewith fields nuclear physics cosmic radiation,0
medicine,discovery therapeutic value leucotomy certain psychoses,1
chemistry,contributions field chemical thermodynamics particularly concerning behaviour substances extremely low temperatures,4
medicine,discovery functional organization interbrain coordinator activities internal organs,1
literature,powerful artistically unique contribution modern american novel,3
peace,lifelong effort conquer hunger want thereby helping remove major cause military conflict war,2
physics,prediction existence mesons basis theoretical work nuclear forces,0
literature,recognition varied significant writings champions humanitarian ideals freedom thought,3
peace,work mediator palestine,2
medicine,discoveries relating hormones adrenal cortex structure biological effects,1
medicine,discoveries relating hormones adrenal cortex structure biological effects,1
medicine,discoveries relating hormones adrenal cortex structure biological effects,1
chemistry,discovery development diene synthesis,4
physics,development photographic method studying nuclear processes discoveries regarding mesons made method,0
chemistry,discovery development diene synthesis,4
peace,devoted life fight war promotion social justice brotherhood among men nations,2
literature,artistic vigour true independence mind endeavours poetry find answers eternal questions confronting mankind,3
physics,pioneer work transmutation atomic nuclei artificially accelerated atomic particles,0
physics,pioneer work transmutation atomic nuclei artificially accelerated atomic particles,0
chemistry,discoveries chemistry transuranium elements,4
medicine,discoveries concerning yellow fever combat,1
chemistry,discoveries chemistry transuranium elements,4
physics,development new methods nuclear magnetic precision measurements discoveries connection therewith,0
chemistry,invention partition chromatography,4
peace,altruism reverence life tireless humanitarian work helped making idea brotherhood men nations living one,2
medicine,discovery streptomycin first antibiotic effective tuberculosis,1
chemistry,invention partition chromatography,4
physics,development new methods nuclear magnetic precision measurements discoveries connection therewith,0
literature,deep spiritual insight artistic intensity novels penetrated drama human life,3
peace,proposing supervising plan economic recovery europe,2
medicine,discovery citric acid cycle,1
medicine,discovery coenzyme importance intermediary metabolism,1
physics,demonstration phase contrast method especially invention phase contrast microscope,0
chemistry,discoveries field macromolecular chemistry,4
literature,mastery historical biographical description well brilliant oratory defending exalted human values,3
medicine,discovery ability poliomyelitis viruses grow cultures various types tissue,1
medicine,discovery ability poliomyelitis viruses grow cultures various types tissue,1
medicine,discovery ability poliomyelitis viruses grow cultures various types tissue,1
chemistry,research nature chemical bond application elucidation structure complex substances,4
peace,fight nuclear arms race east west,2
physics,fundamental research quantum mechanics especially statistical interpretation wavefunction,0
physics,coincidence method discoveries made therewith,0
literature,mastery art narrative recently demonstrated ithe old man seai influence exerted contemporary style,3
literature,vivid epic power renewed great narrative art iceland,3
physics,precision determination magnetic moment electron,0
physics,discoveries concerning fine structure hydrogen spectrum,0
medicine,discoveries concerning nature mode action oxidation enzymes,1
chemistry,work biochemically important sulphur compounds especially first synthesis polypeptide hormone,4
medicine,discoveries concerning heart catheterization pathological changes circulatory system,1
medicine,discoveries concerning heart catheterization pathological changes circulatory system,1
physics,researches semiconductors discovery transistor effect,0
chemistry,researches mechanism chemical reactions,4
chemistry,researches mechanism chemical reactions,4
physics,researches semiconductors discovery transistor effect,0
physics,jointly developed theory superconductivity usually called bcstheory,0
physics,researches semiconductors discovery transistor effect,0
medicine,discoveries concerning heart catheterization pathological changes circulatory system,1
literature,lyrical poetry spanish language constitutes example high spirit artistical purity,3
physics,penetrating investigation socalled parity laws led important discoveries regarding elementary particles,0
peace,crucial contribution deployment united nations emergency force wake suez crisis,2
chemistry,work nucleotides nucleotide coenzymes,4
physics,penetrating investigation socalled parity laws led important discoveries regarding elementary particles,0
literature,important literary production clearsighted earnestness illuminates problems human conscience times,3
medicine,discoveries relating synthetic compounds inhibit action certain body substances especially action vascular system skeletal muscles,1
chemistry,work structure proteins especially insulin,4
chemistry,contributions concerning determination base sequences nucleic acids,4
peace,efforts help refugees leave camps return life freedom dignity,2
medicine,discovery genes act regulating definite chemical events,1
medicine,discoveries concerning genetic recombination organization genetic material bacteria,1
literature,important achievement contemporary lyrical poetry field great russian epic tradition,3
physics,discovery interpretation cherenkov effect,0
physics,discovery interpretation cherenkov effect,0
physics,discovery interpretation cherenkov effect,0
medicine,discovery genes act regulating definite chemical events,1
medicine,discovery mechanisms biological synthesis ribonucleic acid deoxyribonucleic acid,1
chemistry,discovery development polarographic methods analysis,4
physics,discovery antiproton,0
physics,discovery antiproton,0
medicine,discovery mechanisms biological synthesis ribonucleic acid deoxyribonucleic acid,1
peace,longstanding contribution cause disarmament peace,2
literature,lyrical poetry classical fire expresses tragic experience life times,3
medicine,discovery acquired immunological tolerance,1
physics,invention bubble chamber,0
medicine,discovery acquired immunological tolerance,1
literature,soaring flight evocative imagery poetry visionary fashion reflects conditions time,3
peace,nonviolent struggle apartheid,2
chemistry,method use carbon age determination archaeology geology geophysics branches science,4
physics,researches concerning resonance absorption gamma radiation discovery connection effect bears name,0
peace,developing un effective constructive international organization capable giving life principles aims expressed un charter,2
medicine,discoveries physical mechanism stimulation within cochlea,1
literature,epic force traced themes depicted human destinies drawn history country,3
chemistry,research carbon dioxide assimilation plants,4
physics,pioneering studies electron scattering atomic nuclei thereby achieved discoveries concerning structure nucleons,0
medicine,discoveries concerning molecular structure nucleic acids significance information transfer living material,1
medicine,discoveries concerning molecular structure nucleic acids significance information transfer living material,1
medicine,discoveries concerning molecular structure nucleic acids significance information transfer living material,1
chemistry,studies structures globular proteins,4
chemistry,studies structures globular proteins,4
physics,pioneering theories condensed matter especially liquid helium,0
literature,realistic imaginative writings combining sympathetic humour keen social perception,3
medicine,discoveries concerning ionic mechanisms involved excitation inhibition peripheral central portions nerve cell membrane,1
medicine,discoveries concerning ionic mechanisms involved excitation inhibition peripheral central portions nerve cell membrane,1
medicine,discoveries concerning ionic mechanisms involved excitation inhibition peripheral central portions nerve cell membrane,1
physics,discoveries concerning nuclear shell structure,0
physics,contributions theory atomic nucleus elementary particles particularly discovery application fundamental symmetry principles,0
literature,eminent lyrical writing inspired deep feeling hellenic world culture,3
physics,discoveries concerning nuclear shell structure,0
chemistry,discoveries field chemistry technology high polymers,4
chemistry,discoveries field chemistry technology high polymers,4
physics,fundamental work field quantum electronics led construction oscillators amplifiers based maserlaser principle,0
literature,work rich ideas filled spirit freedom quest truth exerted farreaching influence age,3
peace,nonviolent struggle civil rights afroamerican population,2
physics,fundamental work field quantum electronics led construction oscillators amplifiers based maserlaser principle,0
medicine,discoveries concerning mechanism regulation cholesterol fatty acid metabolism,1
physics,fundamental work field quantum electronics led construction oscillators amplifiers based maserlaser principle,0
medicine,discoveries concerning mechanism regulation cholesterol fatty acid metabolism,1
chemistry,determinations xray techniques structures important biochemical substances,4
chemistry,outstanding achievements art organic synthesis,4
medicine,discoveries concerning genetic control enzyme virus synthesis,1
medicine,discoveries concerning genetic control enzyme virus synthesis,1
medicine,discoveries concerning genetic control enzyme virus synthesis,1
physics,fundamental work quantum electrodynamics deepploughing consequences physics elementary particles,0
literature,artistic power integrity epic given expression historic phase life russian people,3
physics,fundamental work quantum electrodynamics deepploughing consequences physics elementary particles,0
physics,fundamental work quantum electrodynamics deepploughing consequences physics elementary particles,0
medicine,discoveries concerning hormonal treatment prostatic cancer,1
literature,profoundly characteristic narrative art motifs life jewish people,3
chemistry,fundamental work concerning chemical bonds electronic structure molecules molecular orbital method,4
medicine,discovery tumourinducing viruses,1
literature,outstanding lyrical dramatic writing interprets israels destiny touching strength,3
physics,discovery development optical methods studying hertzian resonances atoms,0
medicine,discoveries concerning primary physiological chemical visual processes eye,1
medicine,discoveries concerning primary physiological chemical visual processes eye,1
chemistry,studies extremely fast chemical reactions effected disturbing equilibrium means short pulses energy,4
literature,vivid literary achievement deeprooted national traits traditions indian peoples latin america,3
chemistry,studies extremely fast chemical reactions effected disturbing equilibrium means short pulses energy,4
chemistry,studies extremely fast chemical reactions effected disturbing equilibrium means short pulses energy,4
medicine,discoveries concerning primary physiological chemical visual processes eye,1
physics,contributions theory nuclear reactions especially discoveries concerning energy production stars,0
medicine,interpretation genetic code function protein synthesis,1
medicine,interpretation genetic code function protein synthesis,1
chemistry,discovery reciprocal relations bearing name fundamental thermodynamics irreversible processes,4
peace,struggle ensure rights man stipulated un declaration,2
medicine,interpretation genetic code function protein synthesis,1
physics,decisive contributions elementary particle physics particular discovery large number resonance states made possible development technique using hydrogen bubble chamber data analysis,0
literature,narrative mastery great sensibility expresses essence japanese mind,3
chemistry,contributions development concept conformation application chemistry,4
literature,writing new forms novel drama destitution modern man acquires elevation,3
economics,developed applied dynamic models analysis economic processes,5
physics,contributions discoveries concerning classification elementary particles interactions,0
economics,developed applied dynamic models analysis economic processes,5
medicine,discoveries concerning replication mechanism genetic structure viruses,1
medicine,discoveries concerning replication mechanism genetic structure viruses,1
medicine,discoveries concerning replication mechanism genetic structure viruses,1
chemistry,contributions development concept conformation application chemistry,4
physics,fundamental work discoveries magnetohydrodynamics fruitful applications different parts plasma physics,0
physics,fundamental work discoveries concerning antiferromagnetism ferrimagnetism led important applications solid state physics,0
peace,given wellfounded hope green revolution,2
chemistry,discovery sugar nucleotides role biosynthesis carbohydrates,4
literature,ethical force pursued indispensable traditions russian literature,3
economics,scientific work developed static dynamic economic theory actively contributed raising level analysis economic science,5
medicine,discoveries concerning humoral transmitters nerve terminals mechanism storage release inactivation,1
medicine,discoveries concerning humoral transmitters nerve terminals mechanism storage release inactivation,1
medicine,discoveries concerning humoral transmitters nerve terminals mechanism storage release inactivation,1
peace,paving way meaningful dialogue east west,2
physics,invention development holographic method,0
economics,empirically founded interpretation economic growth led new deepened insight economic social structure process development,5
chemistry,contributions knowledge electronic structure geometry molecules particularly free radicals,4
medicine,discoveries concerning mechanisms action hormones,1
literature,poetry action elemental force brings alive continents destiny dreams,3
literature,writing combination broad perspective time sensitive skill characterization contributed renewal german literature,3
medicine,discoveries concerning chemical structure antibodies,1
physics,jointly developed theory superconductivity usually called bcstheory,0
chemistry,contribution understanding connection chemical structure catalytic activity active centre ribonuclease molecule,4
chemistry,work ribonuclease especially concerning connection amino acid sequence biologically active conformation,4
chemistry,contribution understanding connection chemical structure catalytic activity active centre ribonuclease molecule,4
economics,pioneering contributions general economic equilibrium theory welfare theory,5
economics,pioneering contributions general economic equilibrium theory welfare theory,5
physics,jointly developed theory superconductivity usually called bcstheory,0
medicine,discoveries concerning chemical structure antibodies,1
physics,theoretical predictions properties supercurrent tunnel barrier particular phenomena generally known josephson effects,0
chemistry,pioneering work performed independently chemistry organometallic called sandwich compounds,4
chemistry,pioneering work performed independently chemistry organometallic called sandwich compounds,4
economics,development inputoutput method application important economic problems,5
medicine,discoveries concerning organization elicitation individual social behaviour patterns,1
physics,experimental discoveries regarding tunneling phenomena semiconductors superconductors respectively,0
physics,experimental discoveries regarding tunneling phenomena semiconductors superconductors respectively,0
medicine,discoveries concerning organization elicitation individual social behaviour patterns,1
literature,epic psychological narrative art introduced new continent literature,3
peace,jointly negotiated cease fire vietnam,2
medicine,discoveries concerning organization elicitation individual social behaviour patterns,1
chemistry,fundamental achievements theoretical experimental physical chemistry macromolecules,4
literature,narrative art farseeing lands ages service freedom,3
economics,pioneering work theory money economic fluctuations penetrating analysis interdependence economic social institutional phenomena,5
literature,writings catch dewdrop reflect cosmos,3
medicine,discoveries concerning structural functional organization cell,1
physics,pioneering research radio astrophysics ryle observations inventions particular aperture synthesis technique hewish decisive role discovery pulsars,0
physics,pioneering research radio astrophysics ryle observations inventions particular aperture synthesis technique hewish decisive role discovery pulsars,0
medicine,discoveries concerning structural functional organization cell,1
peace,contribution stabilize conditions pacific rim area signing nuclear nonproliferation treaty,2
peace,efforts secure develop human rights throughout world,2
economics,pioneering work theory money economic fluctuations penetrating analysis interdependence economic social institutional phenomena,5
medicine,discoveries concerning structural functional organization cell,1
chemistry,work stereochemistry enzymecatalyzed reactions,4
chemistry,research stereochemistry organic molecules reactions,4
medicine,discoveries concerning interaction tumour viruses genetic material cell,1
physics,discovery connection collective motion particle motion atomic nuclei development theory structure atomic nucleus based connection,0
physics,discovery connection collective motion particle motion atomic nuclei development theory structure atomic nucleus based connection,0
physics,discovery connection collective motion particle motion atomic nuclei development theory structure atomic nucleus based connection,0
economics,contributions theory optimum allocation resources,5
economics,contributions theory optimum allocation resources,5
literature,distinctive poetry great artistic sensitivity interpreted human values sign outlook life illusions,3
medicine,discoveries concerning interaction tumour viruses genetic material cell,1
medicine,discoveries concerning interaction tumour viruses genetic material cell,1
peace,struggle human rights soviet union disarmament cooperation nations,2
economics,achievements fields consumption analysis monetary history theory demonstration complexity stabilization policy,5
chemistry,studies structure boranes illuminating problems chemical bonding,4
peace,courageous efforts founding movement put end violent conflict northern ireland,2
physics,pioneering work discovery heavy elementary particle new kind,0
physics,pioneering work discovery heavy elementary particle new kind,0
medicine,discoveries concerning new mechanisms origin dissemination infectious diseases,1
medicine,discoveries concerning new mechanisms origin dissemination infectious diseases,1
peace,courageous efforts founding movement put end violent conflict northern ireland,2
literature,human understanding subtle analysis contemporary culture combined work,3
physics,fundamental theoretical investigations electronic structure magnetic disordered systems,0
economics,pathbreaking contribution theory international trade international capital movements,5
economics,pathbreaking contribution theory international trade international capital movements,5
physics,fundamental theoretical investigations electronic structure magnetic disordered systems,0
physics,fundamental theoretical investigations electronic structure magnetic disordered systems,0
medicine,discoveries concerning peptide hormone production brain,1
medicine,development radioimmunoassays peptide hormones,1
chemistry,contributions nonequilibrium thermodynamics particularly theory dissipative structures,4
medicine,discoveries concerning peptide hormone production brain,1
literature,creative poetic writing illuminates mans condition cosmos presentday society time representing great renewal traditions spanish poetry wars,3
peace,jointly negotiated peace egypt israel,2
peace,jointly negotiated peace egypt israel,2
physics,discovery cosmic microwave background radiation,0
medicine,discovery restriction enzymes application problems molecular genetics,1
medicine,discovery restriction enzymes application problems molecular genetics,1
medicine,discovery restriction enzymes application problems molecular genetics,1
physics,discovery cosmic microwave background radiation,0
literature,impassioned narrative art roots polishjewish cultural tradition brings universal human conditions life,3
economics,pioneering research decisionmaking process within economic organizations,5
physics,basic inventions discoveries area lowtemperature physics,0
chemistry,contribution understanding biological energy transfer formulation chemiosmotic theory,4
chemistry,development use boron phosphoruscontaining compounds respectively important reagents organic synthesis,4
economics,pioneering research economic development research particular consideration problems developing countries,5
economics,pioneering research economic development research particular consideration problems developing countries,5
peace,work bringing help suffering humanity,2
chemistry,development use boron phosphoruscontaining compounds respectively important reagents organic synthesis,4
physics,contributions theory unified weak electromagnetic interaction elementary particles including inter alia prediction weak neutral current,0
physics,contributions theory unified weak electromagnetic interaction elementary particles including inter alia prediction weak neutral current,0
medicine,development computer assisted tomography,1
medicine,development computer assisted tomography,1
literature,poetry background greek tradition depicts sensuous strength intellectual clearsightedness modern mans struggle freedom creativeness,3
physics,contributions theory unified weak electromagnetic interaction elementary particles including inter alia prediction weak neutral current,0
chemistry,work structure proteins especially insulin,4
chemistry,contributions concerning determination base sequences nucleic acids,4
medicine,discoveries concerning genetically determined structures cell surface regulate immunological reactions,1
medicine,discoveries concerning genetically determined structures cell surface regulate immunological reactions,1
economics,creation econometric models application analysis economic fluctuations economic policies,5
chemistry,fundamental studies biochemistry nucleic acids particular regard recombinantdna,4
peace,source inspiration repressed people especially latin america,2
chemistry,contributions concerning determination base sequences nucleic acids,4
physics,discovery violations fundamental symmetry principles decay neutral kmesons,0
physics,discovery violations fundamental symmetry principles decay neutral kmesons,0
literature,uncompromising clearsightedness voices mans exposed condition world severe conflicts,3
medicine,discoveries concerning genetically determined structures cell surface regulate immunological reactions,1
economics,analysis financial markets relations expenditure decisions employment production prices,5
literature,writings marked broad outlook wealth ideas artistic power,3
medicine,discoveries concerning information processing visual system,1
physics,contribution development laser spectroscopy,0
medicine,discoveries concerning functional specialization cerebral hemispheres,1
chemistry,theories developed independently concerning course chemical reactions,4
chemistry,theories developed independently concerning course chemical reactions,4
medicine,discoveries concerning information processing visual system,1
physics,contribution development laser spectroscopy,0
physics,contribution development highresolution electron spectroscopy,0
economics,seminal studies industrial structures functioning markets causes effects public regulation,5
peace,work disarmament nuclear weaponfree zones,2
literature,novels short stories fantastic realistic combined richly composed world imagination reflecting continents life conflicts,3
medicine,discoveries concerning prostaglandins related biologically active substances,1
chemistry,development crystallographic electron microscopy structural elucidation biologically important nucleic acidprotein complexes,4
medicine,discoveries concerning prostaglandins related biologically active substances,1
physics,theory critical phenomena connection phase transitions,0
peace,work disarmament nuclear weaponfree zones,2
medicine,discoveries concerning prostaglandins related biologically active substances,1
peace,nonviolent struggle free trade unions human rights poland,2
chemistry,work mechanisms electron transfer reactions especially metal complexes,4
medicine,discovery mobile genetic elements,1
economics,incorporated new analytical methods economic theory rigorous reformulation theory general equilibrium,5
literature,novels perspicuity realistic narrative art diversity universality myth illuminate human condition world today,3
physics,theoretical experimental studies nuclear reactions importance formation chemical elements universe,0
physics,theoretical studies physical processes importance structure evolution stars,0
medicine,theories concerning specificity development control immune system discovery principle production monoclonal antibodies,1
medicine,theories concerning specificity development control immune system discovery principle production monoclonal antibodies,1
medicine,theories concerning specificity development control immune system discovery principle production monoclonal antibodies,1
literature,poetry endowed freshness sensuality rich inventiveness provides liberating image indomitable spirit versatility man,3
peace,role unifying leader figure nonviolent campaign resolve problem apartheid south africa,2
chemistry,development methodology chemical synthesis solid matrix,4
physics,decisive contributions large project led discovery field particles w z communicators weak interaction,0
physics,decisive contributions large project led discovery field particles w z communicators weak interaction,0
economics,made fundamental contributions development systems national accounts hence greatly improved basis empirical economic analysis,5
physics,discovery quantized hall effect,0
medicine,discoveries concerning regulation cholesterol metabolism,1
medicine,discoveries concerning regulation cholesterol metabolism,1
chemistry,outstanding achievements development direct methods determination crystal structures,4
chemistry,outstanding achievements development direct methods determination crystal structures,4
literature,novel combines poets painters creativeness deepened awareness time depiction human condition,3
economics,pioneering analyses saving financial markets,5
chemistry,contributions concerning dynamics chemical elementary processes,4
chemistry,contributions concerning dynamics chemical elementary processes,4
physics,design scanning tunneling microscope,0
physics,design scanning tunneling microscope,0
physics,fundamental work electron optics design first electron microscope,0
chemistry,contributions concerning dynamics chemical elementary processes,4
medicine,discoveries growth factors,1
medicine,discoveries growth factors,1
peace,messenger mankind message one peace atonement dignity,2
literature,wide cultural perspective poetic overtones fashions drama existence,3
economics,development contractual constitutional bases theory economic political decisionmaking,5
chemistry,development use molecules structurespecific interactions high selectivity,4
literature,allembracing authorship imbued clarity thought poetic intensity,3
physics,important breakthrough discovery superconductivity ceramic materials,0
chemistry,development use molecules structurespecific interactions high selectivity,4
physics,important breakthrough discovery superconductivity ceramic materials,0
medicine,discovery genetic principle generation antibody diversity,1
economics,contributions theory economic growth,5
peace,work lasting peace central america,2
chemistry,development use molecules structurespecific interactions high selectivity,4
physics,neutrino beam method demonstration doublet structure leptons discovery muon neutrino,0
physics,neutrino beam method demonstration doublet structure leptons discovery muon neutrino,0
physics,neutrino beam method demonstration doublet structure leptons discovery muon neutrino,0
medicine,discoveries important principles drug treatment,1
chemistry,determination threedimensional structure photosynthetic reaction centre,4
chemistry,determination threedimensional structure photosynthetic reaction centre,4
chemistry,determination threedimensional structure photosynthetic reaction centre,4
literature,works rich nuance clearsightedly realistic evocatively ambiguous formed arabian narrative art applies mankind,3
medicine,discoveries important principles drug treatment,1
medicine,discoveries important principles drug treatment,1
economics,pioneering contributions theory markets efficient utilization resources,5
chemistry,discovery catalytic properties rna,4
chemistry,discovery catalytic properties rna,4
physics,development ion trap technique,0
physics,invention separated oscillatory fields method use hydrogen maser atomic clocks,0
medicine,discovery cellular origin retroviral oncogenes,1
physics,development ion trap technique,0
economics,clarification probability theory foundations econometrics analyses simultaneous economic structures,5
literature,rich intensive prose restrained compassion forms challenging vision mans vulnerability,3
peace,advocating peaceful solutions based upon tolerance mutual respect order preserve historical cultural heritage people,2
medicine,discovery cellular origin retroviral oncogenes,1
literature,impassioned writing wide horizons characterized sensuous intelligence humanistic integrity,3
physics,pioneering investigations concerning deep inelastic scattering electrons protons bound neutrons essential importance development quark model particle physics,0
physics,pioneering investigations concerning deep inelastic scattering electrons protons bound neutrons essential importance development quark model particle physics,0
physics,pioneering investigations concerning deep inelastic scattering electrons protons bound neutrons essential importance development quark model particle physics,0
economics,pioneering work theory financial economics,5
economics,pioneering work theory financial economics,5
medicine,discoveries concerning organ cell transplantation treatment human disease,1
peace,leading role played radical changes eastwest relations,2
medicine,discoveries concerning organ cell transplantation treatment human disease,1
economics,pioneering work theory financial economics,5
chemistry,development theory methodology organic synthesis,4
economics,discovery clarification significance transaction costs property rights institutional structure functioning economy,5
literature,magnificent epic writing words alfred nobel great benefit humanity,3
medicine,discoveries concerning function single ion channels cells,1
physics,discovering methods developed studying order phenomena simple systems generalized complex forms matter particular liquid crystals polymers,0
medicine,discoveries concerning function single ion channels cells,1
chemistry,contributions development methodology high resolution nuclear magnetic resonance nmr spectroscopy,4
literature,poetic oeuvre great luminosity sustained historical vision outcome multicultural commitment,3
medicine,discoveries concerning reversible protein phosphorylation biological regulatory mechanism,1
chemistry,contributions theory electron transfer reactions chemical systems,4
economics,extended domain microeconomic analysis wide range human behaviour interaction including nonmarket behaviour,5
peace,struggle social justice ethnocultural reconciliation based respect rights indigenous peoples,2
physics,invention development particle detectors particular multiwire proportional chamber,0
medicine,discoveries concerning reversible protein phosphorylation biological regulatory mechanism,1
physics,discovery new type pulsar discovery opened new possibilities study gravitation,0
physics,discovery new type pulsar discovery opened new possibilities study gravitation,0
literature,novels characterized visionary force poetic import gives life essential aspect american reality,3
economics,renewed research economic history applying economic theory quantitative methods order explain economic institutional change,5
chemistry,fundamental contributions establishment oligonucleotidebased sitedirected mutagenesis development protein studies,4
medicine,discoveries split genes,1
medicine,discoveries split genes,1
chemistry,invention polymerase chain reaction pcr method,4
peace,work peaceful termination apartheid regime laying foundations new democratic south africa,2
economics,renewed research economic history applying economic theory quantitative methods order explain economic institutional change,5
peace,work peaceful termination apartheid regime laying foundations new democratic south africa,2
medicine,discovery gproteins role proteins signal transduction cells,1
medicine,discovery gproteins role proteins signal transduction cells,1
chemistry,contribution carbocation chemistry,4
physics,development neutron spectroscopy,0
physics,development neutron diffraction technique,0
literature,poetic force creates imagined world life myth condense form disconcerting picture human predicament today,3
peace,efforts create peace middle east,2
peace,efforts create peace middle east,2
peace,efforts create peace middle east,2
economics,pioneering analysis equilibria theory noncooperative games,5
economics,pioneering analysis equilibria theory noncooperative games,5
economics,pioneering analysis equilibria theory noncooperative games,5
physics,detection neutrino,0
medicine,discoveries concerning genetic control early embryonic development,1
chemistry,work atmospheric chemistry particularly concerning formation decomposition ozone,4
chemistry,work atmospheric chemistry particularly concerning formation decomposition ozone,4
economics,developed applied hypothesis rational expectations thereby transformed macroeconomic analysis deepened understanding economic policy,5
literature,works lyrical beauty ethical depth exalt everyday miracles living past,3
chemistry,work atmospheric chemistry particularly concerning formation decomposition ozone,4
medicine,discoveries concerning genetic control early embryonic development,1
peace,efforts diminish part played nuclear arms international politics longer run eliminate arms,2
physics,discovery tau lepton,0
medicine,discoveries concerning genetic control early embryonic development,1
physics,discovery superfluidity helium,0
physics,discovery superfluidity helium,0
physics,discovery superfluidity helium,0
medicine,discoveries concerning specificity cell mediated immune defence,1
medicine,discoveries concerning specificity cell mediated immune defence,1
chemistry,discovery fullerenes,4
literature,poetry ironic precision allows historical biological context come light fragments human reality,3
peace,work towards peaceful solution conflict east timor,2
peace,work towards peaceful solution conflict east timor,2
chemistry,discovery fullerenes,4
economics,fundamental contributions economic theory incentives asymmetric information,5
chemistry,discovery fullerenes,4
economics,fundamental contributions economic theory incentives asymmetric information,5
literature,emulates jesters middle ages scourging authority upholding dignity downtrodden,3
chemistry,elucidation enzymatic mechanism underlying synthesis adenosine triphosphate atp,4
chemistry,first discovery iontransporting enzyme na k atpase,4
economics,new method determine value derivatives,5
medicine,discovery prions new biological principle infection,1
physics,development methods cool trap atoms laser light,0
economics,new method determine value derivatives,5
physics,development methods cool trap atoms laser light,0
physics,development methods cool trap atoms laser light,0
peace,work banning clearing antipersonnel mines,2
chemistry,elucidation enzymatic mechanism underlying synthesis adenosine triphosphate atp,4
economics,contributions welfare economics,5
physics,discovery new form quantum fluid fractionally charged excitations,0
literature,parables sustained imagination compassion irony continually enables us apprehend elusory reality,3
physics,discovery new form quantum fluid fractionally charged excitations,0
chemistry,development densityfunctional theory,4
medicine,discoveries concerning nitric oxide signalling molecule cardiovascular system,1
medicine,discoveries concerning nitric oxide signalling molecule cardiovascular system,1
medicine,discoveries concerning nitric oxide signalling molecule cardiovascular system,1
chemistry,development computational methods quantum chemistry,4
peace,efforts find peaceful solution conflict northern ireland,2
peace,efforts find peaceful solution conflict northern ireland,2
physics,discovery new form quantum fluid fractionally charged excitations,0
literature,whose frolicsome black fables portray forgotten face history,3
chemistry,studies transition states chemical reactions using femtosecond spectroscopy,4
physics,elucidating quantum structure electroweak interactions physics,0
physics,elucidating quantum structure electroweak interactions physics,0
economics,analysis monetary fiscal policy different exchange rate regimes analysis optimum currency areas,5
medicine,discovery proteins intrinsic signals govern transport localization cell,1
chemistry,discovery development conductive polymers,4
literature,uvre universal validity bitter insights linguistic ingenuity opened new paths chinese novel drama,3
economics,development theory methods analyzing discrete choice,5
economics,development theory methods analyzing selective samples,5
chemistry,discovery development conductive polymers,4
chemistry,discovery development conductive polymers,4
medicine,discoveries concerning signal transduction nervous system,1
physics,developing semiconductor heterostructures used highspeed optoelectronics,0
physics,developing semiconductor heterostructures used highspeed optoelectronics,0
peace,work democracy human rights south korea east asia general peace reconciliation north korea particular,2
medicine,discoveries concerning signal transduction nervous system,1
medicine,discoveries concerning signal transduction nervous system,1
physics,part invention integrated circuit,0
economics,analyses markets asymmetric information,5
peace,work better organized peaceful world,2
literature,united perceptive narrative incorruptible scrutiny works compel us see presence suppressed histories,3
economics,analyses markets asymmetric information,5
economics,analyses markets asymmetric information,5
chemistry,work chirally catalysed oxidation reactions,4
chemistry,development click chemistry bioorthogonal chemistry,4
chemistry,work chirally catalysed hydrogenation reactions,4
chemistry,work chirally catalysed hydrogenation reactions,4
physics,achievement boseeinstein condensation dilute gases alkali atoms early fundamental studies properties condensates,0
physics,achievement boseeinstein condensation dilute gases alkali atoms early fundamental studies properties condensates,0
physics,achievement boseeinstein condensation dilute gases alkali atoms early fundamental studies properties condensates,0
medicine,discoveries key regulators cell cycle,1
medicine,discoveries key regulators cell cycle,1
medicine,discoveries key regulators cell cycle,1
peace,decades untiring effort find peaceful solutions international conflicts advance democracy human rights promote economic social development,2
literature,writing upholds fragile experience individual barbaric arbitrariness history,3
economics,integrated insights psychological research economic science especially concerning human judgment decisionmaking uncertainty,5
chemistry,development nuclear magnetic resonance spectroscopy determining threedimensional structure biological macromolecules solution,4
chemistry,development soft desorption ionisation methods mass spectrometric analyses biological macromolecules,4
chemistry,development soft desorption ionisation methods mass spectrometric analyses biological macromolecules,4
economics,established laboratory experiments tool empirical economic analysis especially study alternative market mechanisms,5
physics,pioneering contributions astrophysics particular detection cosmic neutrinos,0
physics,pioneering contributions astrophysics particular detection cosmic neutrinos,0
medicine,discoveries concerning genetic regulation organ development programmed cell death,1
medicine,discoveries concerning genetic regulation organ development programmed cell death,1
medicine,discoveries concerning genetic regulation organ development programmed cell death,1
physics,pioneering contributions astrophysics led discovery cosmic xray sources,0
peace,efforts democracy human rights focused especially struggle rights women children,2
economics,methods analyzing economic time series common trends cointegration,5
economics,methods analyzing economic time series timevarying volatility arch,5
chemistry,structural mechanistic studies ion channels,4
chemistry,discovery water channels,4
physics,pioneering contributions theory superconductors superfluids,0
physics,pioneering contributions theory superconductors superfluids,0
medicine,discoveries concerning magnetic resonance imaging,1
medicine,discoveries concerning magnetic resonance imaging,1
literature,innumerable guises portrays surprising involvement outsider,3
physics,pioneering contributions theory superconductors superfluids,0
economics,contributions dynamic macroeconomics time consistency economic policy driving forces behind business cycles,5
chemistry,discovery ubiquitinmediated protein degradation,4
economics,contributions dynamic macroeconomics time consistency economic policy driving forces behind business cycles,5
peace,contribution sustainable development democracy peace,2
literature,musical flow voices countervoices novels plays extraordinary linguistic zeal reveal absurdity societys clicheacutes subjugating power,3
chemistry,discovery ubiquitinmediated protein degradation,4
physics,discovery asymptotic freedom theory strong interaction,0
physics,discovery asymptotic freedom theory strong interaction,0
physics,discovery asymptotic freedom theory strong interaction,0
medicine,discoveries odorant receptors organization olfactory system,1
medicine,discoveries odorant receptors organization olfactory system,1
chemistry,discovery ubiquitinmediated protein degradation,4
literature,plays uncovers precipice everyday prattle forces entry oppressions closed rooms,3
economics,enhanced understanding conflict cooperation gametheory analysis,5
peace,efforts prevent nuclear energy used military purposes ensure nuclear energy peaceful purposes used safest possible way,2
chemistry,development metathesis method organic synthesis,4
chemistry,development metathesis method organic synthesis,4
economics,enhanced understanding conflict cooperation gametheory analysis,5
physics,contributions development laserbased precision spectroscopy including optical frequency comb technique,0
physics,contributions development laserbased precision spectroscopy including optical frequency comb technique,0
physics,contribution quantum theory optical coherence,0
medicine,discovery bacterium ihelicobacter pylorii role gastritis peptic ulcer disease,1
medicine,discovery bacterium ihelicobacter pylorii role gastritis peptic ulcer disease,1
chemistry,development metathesis method organic synthesis,4
peace,efforts create economic social development,2
literature,quest melancholic soul native city discovered new symbols clash interlacing cultures,3
economics,analysis intertemporal tradeoffs macroeconomic policy,5
chemistry,studies molecular basis eukaryotic transcription,4
physics,discovery blackbody form anisotropy cosmic microwave background radiation,0
medicine,discovery rna interference gene silencing doublestranded rna,1
medicine,discovery rna interference gene silencing doublestranded rna,1
physics,discovery blackbody form anisotropy cosmic microwave background radiation,0
economics,laid foundations mechanism design theory,5
economics,laid foundations mechanism design theory,5
economics,laid foundations mechanism design theory,5
peace,efforts build disseminate greater knowledge manmade climate change lay foundations measures needed counteract change,2
chemistry,studies chemical processes solid surfaces,4
literature,epicist female experience scepticism fire visionary power subjected divided civilisation scrutiny,3
physics,discovery giant magnetoresistance,0
medicine,discoveries principles introducing specific gene modifications mice use embryonic stem cells,1
medicine,discoveries principles introducing specific gene modifications mice use embryonic stem cells,1
medicine,discoveries principles introducing specific gene modifications mice use embryonic stem cells,1
physics,discovery giant magnetoresistance,0
peace,important efforts several continents three decades resolve international conflicts,2
literature,author new departures poetic adventure sensual ecstasy explorer humanity beyond reigning civilization,3
chemistry,discovery development green fluorescent protein gfp,4
chemistry,discovery development green fluorescent protein gfp,4
chemistry,discovery development green fluorescent protein gfp,4
physics,discovery origin broken symmetry predicts existence least three families quarks nature,0
economics,analysis trade patterns location economic activity,5
physics,discovery mechanism spontaneous broken symmetry subatomic physics,0
medicine,discovery human immunodeficiency virus,1
medicine,discovery human immunodeficiency virus,1
medicine,discovery human papilloma viruses causing cervical cancer,1
physics,discovery origin broken symmetry predicts existence least three families quarks nature,0
economics,analysis economic governance especially boundaries firm,5
economics,analysis economic governance especially commons,5
peace,extraordinary efforts strengthen international diplomacy cooperation peoples,2
literature,concentration poetry frankness prose depicts landscape dispossessed,3
chemistry,studies structure function ribosome,4
chemistry,studies structure function ribosome,4
chemistry,studies structure function ribosome,4
physics,invention imaging semiconductor circuit ccd sensor,0
physics,groundbreaking achievements concerning transmission light fibers optical communication,0
medicine,discovery chromosomes protected telomeres enzyme telomerase,1
medicine,discovery chromosomes protected telomeres enzyme telomerase,1
medicine,discovery chromosomes protected telomeres enzyme telomerase,1
physics,invention imaging semiconductor circuit ccd sensor,0
economics,analysis markets search frictions,5
literature,cartography structures power trenchant images individuals resistance revolt defeat,3
economics,analysis markets search frictions,5
peace,long nonviolent struggle fundamental human rights china,2
chemistry,palladiumcatalyzed cross couplings organic synthesis,4
economics,analysis markets search frictions,5
chemistry,palladiumcatalyzed cross couplings organic synthesis,4
physics,groundbreaking experiments regarding twodimensional material graphene,0
physics,groundbreaking experiments regarding twodimensional material graphene,0
medicine,development vitro fertilization,1
chemistry,palladiumcatalyzed cross couplings organic synthesis,4
economics,empirical research cause effect macroeconomy,5
peace,nonviolent struggle safety women womens rights full participation peacebuilding work,2
peace,nonviolent struggle safety women womens rights full participation peacebuilding work,2
peace,nonviolent struggle safety women womens rights full participation peacebuilding work,2
literature,condensed translucent images gives us fresh access reality,3
chemistry,discovery quasicrystals,4
economics,empirical research cause effect macroeconomy,5
physics,discovery accelerating expansion universe observations distant supernovae,0
physics,discovery accelerating expansion universe observations distant supernovae,0
medicine,discovery dendritic cell role adaptive immunity,1
medicine,discoveries concerning activation innate immunity,1
medicine,discoveries concerning activation innate immunity,1
physics,discovery accelerating expansion universe observations distant supernovae,0
economics,theory stable allocations practice market design,5
economics,theory stable allocations practice market design,5
literature,hallucinatory realism merges folk tales history contemporary,3
chemistry,studies gproteincoupled receptors,4
chemistry,studies gproteincoupled receptors,4
physics,groundbreaking experimental methods enable measuring manipulation individual quantum systems,0
medicine,discovery mature cells reprogrammed become pluripotent,1
medicine,discovery mature cells reprogrammed become pluripotent,1
physics,groundbreaking experimental methods enable measuring manipulation individual quantum systems,0
economics,empirical analysis asset prices,5
chemistry,development multiscale models complex chemical systems,4
economics,empirical analysis asset prices,5
economics,empirical analysis asset prices,5
literature,master contemporary short story,3
chemistry,development multiscale models complex chemical systems,4
chemistry,development multiscale models complex chemical systems,4
physics,theoretical discovery mechanism contributes understanding origin mass subatomic particles recently confirmed discovery predicted fundamental particle atlas cms experiments cerns large hadron collider,0
physics,theoretical discovery mechanism contributes understanding origin mass subatomic particles recently confirmed discovery predicted fundamental particle atlas cms experiments cerns large hadron collider,0
medicine,discoveries machinery regulating vesicle traffic major transport system cells,1
medicine,discoveries machinery regulating vesicle traffic major transport system cells,1
medicine,discoveries machinery regulating vesicle traffic major transport system cells,1
economics,analysis market power regulation,5
peace,struggle suppression children young people right children education,2
literature,art memory evoked ungraspable human destinies uncovered lifeworld occupation,3
chemistry,development superresolved fluorescence microscopy,4
chemistry,development superresolved fluorescence microscopy,4
chemistry,development superresolved fluorescence microscopy,4
peace,struggle suppression children young people right children education,2
physics,invention efficient blue lightemitting diodes enabled bright energysaving white light sources,0
physics,invention efficient blue lightemitting diodes enabled bright energysaving white light sources,0
medicine,discoveries cells constitute positioning system brain,1
medicine,discoveries cells constitute positioning system brain,1
medicine,discoveries cells constitute positioning system brain,1
physics,invention efficient blue lightemitting diodes enabled bright energysaving white light sources,0
economics,analysis consumption poverty welfare,5
literature,polyphonic writings monument suffering courage time,3
chemistry,mechanistic studies dna repair,4
chemistry,mechanistic studies dna repair,4
chemistry,mechanistic studies dna repair,4
physics,discovery neutrino oscillations shows neutrinos mass,0
medicine,discoveries concerning novel therapy malaria,1
medicine,discoveries concerning novel therapy infections caused roundworm parasites,1
medicine,discoveries concerning novel therapy infections caused roundworm parasites,1
physics,discovery neutrino oscillations shows neutrinos mass,0
economics,contributions contract theory,5
chemistry,design synthesis molecular machines,4
economics,contributions contract theory,5
peace,resolute efforts bring countrys yearlong civil war end,2
chemistry,design synthesis molecular machines,4
literature,created new poetic expressions within great american song tradition,3
physics,theoretical discoveries topological phase transitions topological phases matter,0
physics,theoretical discoveries topological phase transitions topological phases matter,0
physics,theoretical discoveries topological phase transitions topological phases matter,0
medicine,discoveries mechanisms autophagy,1
chemistry,design synthesis molecular machines,4
literature,novels great emotional force uncovered abyss beneath illusory sense connection world,3
chemistry,developing cryoelectron microscopy highresolution structure determination biomolecules solution,4
chemistry,developing cryoelectron microscopy highresolution structure determination biomolecules solution,4
chemistry,developing cryoelectron microscopy highresolution structure determination biomolecules solution,4
physics,decisive contributions ligo detector observation gravitational waves,0
economics,contributions behavioural economics,5
physics,decisive contributions ligo detector observation gravitational waves,0
medicine,discoveries molecular mechanisms controlling circadian rhythm,1
medicine,discoveries molecular mechanisms controlling circadian rhythm,1
medicine,discoveries molecular mechanisms controlling circadian rhythm,1
physics,decisive contributions ligo detector observation gravitational waves,0
literature,narrative imagination encyclopedic passion represents crossing boundaries form life,3
economics,integrating technological innovations longrun macroeconomic analysis,5
economics,integrating climate change longrun macroeconomic analysis,5
peace,efforts end use sexual violence weapon war armed conflict,2
peace,efforts end use sexual violence weapon war armed conflict,2
chemistry,phage display peptides antibodies,4
chemistry,phage display peptides antibodies,4
chemistry,directed evolution enzymes,4
physics,method generating highintensity ultrashort optical pulses,0
physics,optical tweezers application biological systems,0
medicine,discovery cancer therapy inhibition negative immune regulation,1
medicine,discovery cancer therapy inhibition negative immune regulation,1
physics,method generating highintensity ultrashort optical pulses,0
chemistry,development lithiumion batteries,4
economics,experimental approach alleviating global poverty,5
economics,experimental approach alleviating global poverty,5
literature,influential work linguistic ingenuity explored periphery specificity human experience,3
economics,experimental approach alleviating global poverty,5
chemistry,development lithiumion batteries,4
peace,efforts achieve peace international cooperation particular decisive initiative resolve border conflict neighbouring eritrea,2
physics,discovery exoplanet orbiting solartype star,0
physics,discovery exoplanet orbiting solartype star,0
physics,theoretical discoveries physical cosmology,0
medicine,discoveries cells sense adapt oxygen availability,1
medicine,discoveries cells sense adapt oxygen availability,1
medicine,discoveries cells sense adapt oxygen availability,1
chemistry,development lithiumion batteries,4
economics,improvements auction theory inventions new auction formats,5
economics,improvements auction theory inventions new auction formats,5
literature,unmistakable poetic voice austere beauty makes individual existence universal,3
chemistry,development method genome editing,4
chemistry,development method genome editing,4
physics,discovery supermassive compact object centre galaxy,0
physics,discovery black hole formation robust prediction general theory relativity,0
medicine,discovery hepatitis c virus,1
medicine,discovery hepatitis c virus,1
medicine,discovery hepatitis c virus,1
physics,discovery supermassive compact object centre galaxy,0
literature,uncompromising compassionate penetration effects colonialism fate refugee gulf cultures continents,3
economics,methodological contributions analysis causal relationships,5
economics,empirical contributions labour economics,5
peace,efforts safeguard freedom expression precondition democracy lasting peace,2
economics,methodological contributions analysis causal relationships,5
peace,efforts safeguard freedom expression precondition democracy lasting peace,2
chemistry,development asymmetric organocatalysis,4
physics,physical modelling earths climate quantifying variability reliably predicting global warming,0
physics,discovery interplay disorder fluctuations physical systems atomic planetary scales,0
physics,physical modelling earths climate quantifying variability reliably predicting global warming,0
medicine,discoveries receptors temperature touch,1
medicine,discoveries receptors temperature touch,1
chemistry,development asymmetric organocatalysis,4
economics,research banks financial crises,5
peace,peace prize laureates represent civil society home countries many years promoted right criticise power protect fundamental rights citizens made outstanding effort document war crimes human right abuses abuse power together demonstrate significance civil society peace democracy,2
literature,courage clinical acuity uncovers roots estrangements collective restraints personal memory,3
chemistry,development click chemistry bioorthogonal chemistry,4
physics,experiments entangled photons establishing violation bell inequalities pioneering quantum information science,0
physics,experiments entangled photons establishing violation bell inequalities pioneering quantum information science,0
physics,experiments entangled photons establishing violation bell inequalities pioneering quantum information science,0
medicine,discoveries concerning genomes extinct hominins human evolution,1
chemistry,work chirally catalysed oxidation reactions,4
chemistry,development click chemistry bioorthogonal chemistry,4
economics,research banks financial crises,5
chemistry,development click chemistry bioorthogonal chemistry,4
economics,research banks financial crises,5
